fips,state,seat,county,lat,lon,label
01073,AL,Birmingham,Jefferson County,33.5175,-86.809444444444,"Birmingham, AL"
01097,AL,Mobile,Mobile County,30.727669444444,-88.052672222222,"Mobile, AL"
01101,AL,Montgomery,Montgomery County,32.3675,-86.3,"Montgomery, AL"
04005,AZ,Flagstaff,Coconino County,35.199166666667,-111.63111111111,"Flagstaff, AZ"
04013,AZ,Phoenix,Maricopa County,33.448333333333,-112.07388888889,"Phoenix, AZ"
04019,AZ,Tucson,Pima County,32.221666666667,-110.92638888889,"Tucson, AZ"
04027,AZ,Yuma,Yuma County,32.692222222222,-114.61527777778,"Yuma, AZ"
05119,AR,Little Rock,Pulaski County,34.744444444444,-92.288055555556,"Little Rock, AR"
06019,CA,Fresno,Fresno County,36.781666666667,-119.79222222222,"Fresno, CA"
06029,CA,Bakersfield,Kern County,35.373333333333,-119.01888888889,"Bakersfield, CA"
06037,CA,Los Angeles,Los Angeles County,34.05223,-118.24368,"Los Angeles, CA"
06067,CA,Sacramento,Sacramento County,38.575277777778,-121.48611111111,"Sacramento, CA"
06073,CA,San Diego,San Diego County,32.715,-117.1625,"San Diego, CA"
06075,CA,San Francisco,San Francisco County,37.775,-122.41944444444,"San Francisco, CA"
06079,CA,San Luis Obispo,San Luis Obispo County,35.274166666667,-120.66305555556,"San Luis Obispo, CA"
06083,CA,Santa Barbara,Santa Barbara County,34.425833333333,-119.71416666667,"Santa Barbara, CA"
06085,CA,San Jose,Santa Clara County,37.304166666667,-121.87277777778,"San Jose, CA"
06089,CA,Redding,Shasta County,40.586388888889,-122.39166666667,"Redding, CA"
08031,CO,Denver,Denver County,39.739166666667,-104.98472222222,"Denver, CO"
08067,CO,Durango,La Plata County,37.2753,-107.88,"Durango, CO"
08077,CO,Grand Junction,Mesa County,39.0667,-108.567,"Grand Junction, CO"
08101,CO,Pueblo,Pueblo County,38.266944444444,-104.62027777778,"Pueblo, CO"
09110,CT,(internal point),Capitol Planning Region,41.81697,-72.575886,"Hartford, CT"
11001,DC,(internal point),District of Columbia,38.904247,-77.016517,Washington D.C.
12001,FL,Gainesville,Alachua County,29.665277777778,-82.336111111111,"Gainesville, FL"
12031,FL,Jacksonville,Duval County,30.316666666667,-81.65,"Jacksonville, FL"
12057,FL,Q49255,Hillsborough County,27.9475,-82.458611111111,"Tampa, FL"
12071,FL,Fort Myers,Lee County,26.616666666667,-81.833333333333,"Fort Myers, FL"
12073,FL,Tallahassee,Leon County,30.438333333333,-84.280555555556,"Tallahassee, FL"
12086,FL,Miami,Miami-Dade County,25.783333333333,-80.216666666667,"Miami, FL"
12087,FL,Key West,Monroe County,24.559722222222,-81.783611111111,"Key West, FL"
12095,FL,Orlando,Orange County,28.533611111111,-81.386666666667,"Orlando, FL"
13051,GA,Savannah,Chatham County,32.050833333333,-81.103888888889,"Savannah, GA"
13121,GA,Atlanta,Fulton County,33.756944444444,-84.390277777778,"Atlanta, GA"
13245,GA,Augusta,Richmond County,33.47,-81.975,"Augusta, GA"
16001,ID,Boise,Ada County,43.613611111111,-116.23777777778,"Boise, ID"
16005,ID,Pocatello,Bannock County,42.862222222222,-112.45055555556,"Pocatello, ID"
16019,ID,Idaho Falls,Bonneville County,43.491666666667,-112.0325,"Idaho Falls, ID"
16083,ID,Twin Falls,Twin Falls County,42.578055555556,-114.475,"Twin Falls, ID"
17031,IL,Chicago,Cook County,41.881944444444,-87.627777777778,"Chicago, IL"
18097,IN,Indianapolis,Marion County,39.768611111111,-86.158055555556,"Indianapolis, IN"
19153,IA,Des Moines,Polk County,41.590833333333,-93.620833333333,"Des Moines, IA"
20057,KS,Dodge City,Ford County,37.759722222222,-100.01833333333,"Dodge City, KS"
20157,KS,Belleville,Republic County,39.8236,-97.6303,"Lebanon, Kansas"
20173,KS,Wichita,Sedgwick County,37.688888888889,-97.336111111111,"Wichita, KS"
21067,KY,Lexington,Fayette County,38.049722222222,-84.458611111111,"Lexington, KY"
21111,KY,Louisville,Jefferson County,38.256111111111,-85.751388888889,"Louisville, KY"
22017,LA,Shreveport,Caddo Parish,32.508055555556,-93.762777777778,"Shreveport, LA"
22071,LA,New Orleans,Orleans Parish,29.976111111111,-90.078333333333,"New Orleans, LA"
23005,ME,Portland,Cumberland County,43.66,-70.255,"Portland, ME"
23019,ME,Bangor,Penobscot County,44.803055555556,-68.7675,"Bangor, ME"
24510,MD,(internal point),Baltimore city,39.300032,-76.610476,"Baltimore, MD"
25025,MA,Boston,Suffolk County,42.360277777778,-71.057777777778,"Boston, MA"
26081,MI,Grand Rapids,Kent County,42.963333333333,-85.667777777778,"Grand Rapids, MI"
26103,MI,Marquette,Marquette County,46.543611111111,-87.395555555556,"Marquette, MI"
26163,MI,Detroit,Wayne County,42.331666666667,-83.0475,"Detroit, MI"
27053,MN,Minneapolis,Hennepin County,44.981944444444,-93.269166666667,"Minneapolis, MN"
27137,MN,Duluth,St. Louis County,46.784444444444,-92.105277777778,"Duluth, MN"
28049,MS,Jackson,Hinds County,32.298888888889,-90.184722222222,"Jackson, MS"
29077,MO,Springfield,Greene County,37.195,-93.286111111111,"Springfield, MO"
29095,MO,Kansas City,Jackson County,39.05,-94.583333333333,"Kansas City, MO"
29510,MO,(internal point),St. Louis city,38.635699,-90.244582,"St. Louis, MO"
30013,MT,Great Falls,Cascade County,47.503611111111,-111.28638888889,"Great Falls, MT"
30063,MT,Missoula,Missoula County,46.8625,-114.01166666667,"Missoula, MT"
30111,MT,Billings,Yellowstone County,45.786666666667,-108.53722222222,"Billings, MT"
31055,NE,Omaha,Douglas County,41.258611111111,-95.9375,"Omaha, NE"
31111,NE,North Platte,Lincoln County,41.135914,-100.770501,"North Platte, NE"
32003,NV,Las Vegas,Clark County,36.167222222222,-115.14861111111,"Las Vegas, NV"
32007,NV,Elko,Elko County,40.832472222222,-115.76316666667,"Elko, NV"
32013,NV,Winnemucca,Humboldt County,40.968333333333,-117.72666666667,"Winnemucca, NV"
32031,NV,Reno,Washoe County,39.526111111111,-119.8125,"Reno, NV"
32033,NV,Ely,White Pine County,39.253333333333,-114.87722222222,"Ely, NV"
32510,NV,(internal point),Carson City,39.15306,-119.747368,"Carson City, NV"
33011,NH,Manchester,Hillsborough County,42.990833333333,-71.463611111111,"Manchester, NH"
35001,NM,Albuquerque,Bernalillo County,35.084444444444,-106.65027777778,"Albuquerque, NM"
35049,NM,Santa Fe,Santa Fe County,35.666666666667,-105.96666666667,"Santa Fe, NM"
36001,NY,Albany,Albany County,42.65,-73.766666666667,"Albany, NY"
36029,NY,Buffalo,Erie County,42.886388888889,-78.878055555556,"Buffalo, NY"
36061,NY,(internal point),New York County,40.776642,-73.970187,"New York, NY"
37021,NC,Asheville,Buncombe County,35.595555555556,-82.551944444444,"Asheville, NC"
37119,NC,Charlotte,Mecklenburg County,35.226944444444,-80.843333333333,"Charlotte, NC"
37129,NC,Wilmington,New Hanover County,34.223333333333,-77.912222222222,"Wilmington, NC"
37183,NC,Raleigh,Wake County,35.78,-78.64,"Raleigh, NC"
38015,ND,Bismarck,Burleigh County,46.808333333333,-100.78375,"Bismarck, ND"
38017,ND,Fargo,Cass County,46.877222222222,-96.789444444444,"Fargo, ND"
39035,OH,Cleveland,Cuyahoga County,41.499166666667,-81.694722222222,"Cleveland, OH"
39049,OH,Columbus,Franklin County,39.962222222222,-83.000555555556,"Columbus, OH"
39061,OH,Cincinnati,Hamilton County,39.1,-84.5125,"Cincinnati, OH"
39095,OH,Toledo,Lucas County,41.652777777778,-83.537777777778,"Toledo, OH"
40109,OK,Oklahoma City,Oklahoma County,35.482222222222,-97.535277777778,"Oklahoma City, OK"
40143,OK,Tulsa,Tulsa County,36.131388888889,-95.937222222222,"Tulsa, OK"
41017,OR,Bend,Deschutes County,44.056388888889,-121.30805555556,"Bend, OR"
41029,OR,Medford,Jackson County,42.33194,-122.86167,"Medford, OR"
41039,OR,Eugene,Lane County,44.052222222222,-123.0925,"Eugene, OR"
41051,OR,Portland,Multnomah County,45.515,-122.67916666667,"Portland, OR"
42003,PA,Pittsburgh,Allegheny County,40.441666666667,-80.0,"Pittsburgh, PA"
42069,PA,Scranton,Lackawanna County,41.408969,-75.6624122,"Scranton, PA"
42101,PA,Philadelphia,Philadelphia County,39.952777777778,-75.163611111111,"Philadelphia, PA"
44007,RI,Providence,Providence County,41.82399,-71.41283,"Providence, RI"
45019,SC,Charleston,Charleston County,32.783333333333,-79.931944444444,"Charleston, SC"
46099,SD,Sioux Falls,Minnehaha County,43.546055555556,-96.731388888889,"Sioux Falls, SD"
46103,SD,Rapid City,Pennington County,44.081055555556,-103.22866666667,"Rapid City, SD"
47037,TN,Nashville,Davidson County,36.162222222222,-86.774444444444,"Nashville, TN"
47093,TN,Knoxville,Knox County,35.961666666667,-83.923333333333,"Knoxville, TN"
47157,TN,Memphis,Shelby County,35.146111111111,-90.051944444444,"Memphis, TN"
48029,TX,San Antonio,Bexar County,29.425,-98.493888888889,"San Antonio, TX"
48061,TX,Brownsville,Cameron County,25.930277777778,-97.484444444444,"Brownsville, TX"
48113,TX,Dallas,Dallas County,32.779166666667,-96.808888888889,"Dallas, TX"
48141,TX,El Paso,El Paso County,31.759166666667,-106.48861111111,"El Paso, TX"
48201,TX,Houston,Harris County,29.762777777778,-95.383055555556,"Houston, TX"
48303,TX,Lubbock,Lubbock County,33.585,-101.845,"Lubbock, TX"
48309,TX,Waco,McLennan County,31.549166666667,-97.147222222222,"Waco, TX"
48329,TX,Midland,Midland County,32.005,-102.09917,"Midland, TX"
48355,TX,Corpus Christi,Nueces County,27.742777777778,-97.401944444444,"Corpus Christi, TX"
48375,TX,Amarillo,Potter County,35.199166666667,-101.84527777778,"Amarillo, TX"
48453,TX,Austin,Travis County,30.3,-97.733333333333,"Austin, TX"
48479,TX,Laredo,Webb County,27.506111111111,-99.507222222222,"Laredo, TX"
49035,UT,Salt Lake City,Salt Lake County,40.75,-111.88333333333,"Salt Lake City, UT"
50007,VT,Burlington,Chittenden County,44.4876246,-73.2314828,"Burlington, VT"
51710,VA,(internal point),Norfolk city,36.923015,-76.244641,"Norfolk, VA"
51760,VA,(internal point),Richmond city,37.531399,-77.476009,"Richmond, VA"
51770,VA,(internal point),Roanoke city,37.278458,-79.958174,"Roanoke, VA"
53033,WA,Seattle,King County,47.605,-122.33,"Seattle, WA"
53063,WA,Spokane,Spokane County,47.657194444444,-117.4235,"Spokane, WA"
53077,WA,Yakima,Yakima County,46.601944444444,-120.50777777778,"Yakima, WA"
54039,WV,Charleston,Kanawha County,38.347222222222,-81.633333333333,"Charleston, WV"
55079,WI,Milwaukee,Milwaukee County,43.05,-87.95,"Milwaukee, WI"
56021,WY,Cheyenne,Laramie County,41.145555555556,-104.80194444444,"Cheyenne, WY"
56025,WY,Casper,Natrona County,42.834722222222,-106.325,"Casper, WY"
