a,b
ABQ,ATL
ABQ,BWI
ABQ,DAL
ABQ,DEN
ABQ,DFW
ABQ,HOU
ABQ,IAH
ABQ,JFK
ABQ,LAS
ABQ,LAX
ABQ,MCI
ABQ,MDW
ABQ,MSP
ABQ,OAK
ABQ,ORD
ABQ,PDX
ABQ,PHX
ABQ,SAN
ABQ,SEA
ABQ,SFO
ABQ,SLC
ATL,AUS
ATL,BDL
ATL,BHM
ATL,BNA
ATL,BOS
ATL,BUF
ATL,BWI
ATL,CHS
ATL,CLE
ATL,CLT
ATL,CMH
ATL,CVG
ATL,DAL
ATL,DAY
ATL,DCA
ATL,DEN
ATL,DFW
ATL,DTW
ATL,EWR
ATL,FLL
ATL,HOU
ATL,IAD
ATL,IAH
ATL,IND
ATL,JAX
ATL,JFK
ATL,LAS
ATL,LAX
ATL,LGA
ATL,MCI
ATL,MCO
ATL,MDW
ATL,MEM
ATL,MIA
ATL,MKE
ATL,MSP
ATL,MSY
ATL,MYR
ATL,OKC
ATL,OMA
ATL,ORD
ATL,ORF
ATL,PBI
ATL,PDX
ATL,PHL
ATL,PHX
ATL,PIT
ATL,RDU
ATL,RIC
ATL,ROC
ATL,RSW
ATL,SAN
ATL,SAT
ATL,SDF
ATL,SEA
ATL,SFO
ATL,SJC
ATL,SLC
ATL,SMF
ATL,SNA
ATL,STL
ATL,TPA
ATL,TUS
ATL,TYS
AUS,BNA
AUS,BOS
AUS,BWI
AUS,CLE
AUS,CLT
AUS,DAL
AUS,DCA
AUS,DEN
AUS,DFW
AUS,DTW
AUS,EWR
AUS,FLL
AUS,HOU
AUS,IAD
AUS,IAH
AUS,JFK
AUS,LAS
AUS,LAX
AUS,MCO
AUS,MDW
AUS,MEM
AUS,MSP
AUS,MSY
AUS,OAK
AUS,ORD
AUS,PHL
AUS,PHX
AUS,SAN
AUS,SEA
AUS,SFO
AUS,SJC
AUS,SLC
AUS,SMF
AUS,TPA
AZA,LAS
AZA,OAK
BDL,BWI
BDL,CLT
BDL,CVG
BDL,DCA
BDL,DEN
BDL,DFW
BDL,DTW
BDL,FLL
BDL,IAD
BDL,LAS
BDL,LAX
BDL,MCO
BDL,MDW
BDL,MIA
BDL,MSP
BDL,ORD
BDL,PBI
BDL,PHL
BDL,PIT
BDL,RDU
BDL,RSW
BDL,TPA
BHM,BWI
BHM,CLT
BHM,DAL
BHM,DCA
BHM,DEN
BHM,DFW
BHM,DTW
BHM,HOU
BHM,IAH
BHM,LAS
BHM,LGA
BHM,MCO
BHM,MDW
BHM,MIA
BHM,MSP
BHM,ORD
BHM,PHL
BHM,TPA
BNA,BOS
BNA,BWI
BNA,CHS
BNA,CLE
BNA,CLT
BNA,CMH
BNA,CVG
BNA,DCA
BNA,DEN
BNA,DFW
BNA,DTW
BNA,EWR
BNA,FLL
BNA,HOU
BNA,IAD
BNA,IAH
BNA,JAX
BNA,JFK
BNA,LAS
BNA,LAX
BNA,LGA
BNA,MCI
BNA,MCO
BNA,MDW
BNA,MIA
BNA,MSP
BNA,MSY
BNA,ORD
BNA,PHL
BNA,PHX
BNA,PIT
BNA,RDU
BNA,SAN
BNA,SAT
BNA,SLC
BNA,STL
BNA,TPA
BOS,BUF
BOS,BWI
BOS,CHS
BOS,CLE
BOS,CLT
BOS,CMH
BOS,CVG
BOS,DCA
BOS,DEN
BOS,DFW
BOS,DTW
BOS,EWR
BOS,FLL
BOS,HOU
BOS,IAD
BOS,IAH
BOS,IND
BOS,JAX
BOS,JFK
BOS,LAS
BOS,LAX
BOS,LGA
BOS,MCI
BOS,MCO
BOS,MDW
BOS,MIA
BOS,MKE
BOS,MSP
BOS,MSY
BOS,MYR
BOS,ORD
BOS,PBI
BOS,PDX
BOS,PHL
BOS,PHX
BOS,PIT
BOS,RDU
BOS,RIC
BOS,ROC
BOS,RSW
BOS,SAN
BOS,SEA
BOS,SFO
BOS,SJC
BOS,SLC
BOS,STL
BOS,TPA
BUF,BWI
BUF,CLE
BUF,CLT
BUF,DCA
BUF,DTW
BUF,EWR
BUF,FLL
BUF,IAD
BUF,JFK
BUF,LAS
BUF,LGA
BUF,MCO
BUF,MDW
BUF,MSP
BUF,ORD
BUF,PHL
BUF,PHX
BUF,TPA
BWI,CHS
BWI,CLE
BWI,CLT
BWI,CMH
BWI,CVG
BWI,DAY
BWI,DEN
BWI,DFW
BWI,DTW
BWI,EWR
BWI,FLL
BWI,HOU
BWI,IAH
BWI,IND
BWI,JAX
BWI,JFK
BWI,LAS
BWI,LAX
BWI,MCI
BWI,MCO
BWI,MDW
BWI,MEM
BWI,MIA
BWI,MKE
BWI,MSP
BWI,MSY
BWI,MYR
BWI,OKC
BWI,ORD
BWI,ORF
BWI,PBI
BWI,PHL
BWI,PHX
BWI,PIT
BWI,RDU
BWI,ROC
BWI,RSW
BWI,SAN
BWI,SAT
BWI,SDF
BWI,SEA
BWI,SFO
BWI,SLC
BWI,STL
BWI,TPA
CHS,CLE
CHS,CLT
CHS,DCA
CHS,DFW
CHS,DTW
CHS,EWR
CHS,HOU
CHS,IAD
CHS,IAH
CHS,JFK
CHS,LGA
CHS,MDW
CHS,MIA
CHS,ORD
CHS,PHL
CHS,TPA
CLE,CLT
CLE,CMH
CLE,DAY
CLE,DCA
CLE,DEN
CLE,DFW
CLE,DTW
CLE,EWR
CLE,FLL
CLE,IAD
CLE,IAH
CLE,IND
CLE,JFK
CLE,LAS
CLE,LAX
CLE,LGA
CLE,MCI
CLE,MCO
CLE,MDW
CLE,MIA
CLE,MKE
CLE,MSP
CLE,MSY
CLE,ORD
CLE,PBI
CLE,PHL
CLE,PHX
CLE,RIC
CLE,ROC
CLE,RSW
CLE,SDF
CLE,SFO
CLE,STL
CLE,TPA
CLT,CMH
CLT,CVG
CLT,DAY
CLT,DCA
CLT,DEN
CLT,DFW
CLT,DTW
CLT,EWR
CLT,FLL
CLT,HOU
CLT,IAD
CLT,IAH
CLT,IND
CLT,JAX
CLT,JFK
CLT,LAS
CLT,LAX
CLT,LGA
CLT,MCI
CLT,MCO
CLT,MDW
CLT,MEM
CLT,MIA
CLT,MKE
CLT,MSP
CLT,MSY
CLT,MYR
CLT,OMA
CLT,ORD
CLT,ORF
CLT,PBI
CLT,PDX
CLT,PHL
CLT,PHX
CLT,PIT
CLT,RDU
CLT,RIC
CLT,ROC
CLT,RSW
CLT,SAN
CLT,SAT
CLT,SDF
CLT,SEA
CLT,SFO
CLT,SLC
CLT,SMF
CLT,STL
CLT,TPA
CLT,TYS
CMH,DCA
CMH,DEN
CMH,DFW
CMH,DTW
CMH,EWR
CMH,FLL
CMH,IAD
CMH,IAH
CMH,JFK
CMH,LAS
CMH,LAX
CMH,LGA
CMH,MCO
CMH,MDW
CMH,MIA
CMH,MSP
CMH,OAK
CMH,ORD
CMH,PHL
CMH,PHX
CMH,RDU
CMH,RSW
CMH,STL
CMH,TPA
CVG,DCA
CVG,DEN
CVG,DFW
CVG,DTW
CVG,EWR
CVG,FLL
CVG,IAD
CVG,IAH
CVG,JAX
CVG,JFK
CVG,LAS
CVG,LAX
CVG,LGA
CVG,MCI
CVG,MCO
CVG,MEM
CVG,MIA
CVG,MKE
CVG,MSP
CVG,MSY
CVG,ORD
CVG,PHL
CVG,PIT
CVG,RDU
CVG,RIC
CVG,RSW
CVG,SFB
CVG,SFO
CVG,SLC
CVG,STL
CVG,TPA
DAL,HOU
DAL,IAH
DAL,MCI
DAL,MSY
DAL,OKC
DAL,SAT
DAL,SEA
DAL,SFO
DAL,SLC
DAL,STL
DAY,DCA
DAY,DEN
DAY,DFW
DAY,DTW
DAY,EWR
DAY,IAD
DAY,LGA
DAY,MCO
DAY,MSP
DAY,ORD
DAY,PHL
DAY,TPA
DCA,DEN
DCA,DFW
DCA,DTW
DCA,EWR
DCA,FLL
DCA,HOU
DCA,IAH
DCA,IND
DCA,JAX
DCA,JFK
DCA,LAS
DCA,LAX
DCA,LGA
DCA,MCI
DCA,MCO
DCA,MEM
DCA,MIA
DCA,MKE
DCA,MSP
DCA,MSY
DCA,MYR
DCA,OMA
DCA,ORD
DCA,ORF
DCA,PBI
DCA,PDX
DCA,PHL
DCA,PHX
DCA,PIT
DCA,RDU
DCA,ROC
DCA,RSW
DCA,SAN
DCA,SDF
DCA,SEA
DCA,SFO
DCA,SLC
DCA,STL
DCA,TPA
DCA,TYS
DEN,DFW
DEN,DTW
DEN,EWR
DEN,FLL
DEN,HOU
DEN,IAD
DEN,IAH
DEN,IND
DEN,JAX
DEN,JFK
DEN,LAS
DEN,LAX
DEN,LGA
DEN,MCI
DEN,MCO
DEN,MDW
DEN,MEM
DEN,MIA
DEN,MKE
DEN,MSP
DEN,MSY
DEN,OAK
DEN,OKC
DEN,OMA
DEN,ORD
DEN,ORF
DEN,PDX
DEN,PHL
DEN,PHX
DEN,PIT
DEN,RDU
DEN,RSW
DEN,SAN
DEN,SAT
DEN,SDF
DEN,SEA
DEN,SFO
DEN,SJC
DEN,SLC
DEN,SMF
DEN,SNA
DEN,STL
DEN,TPA
DEN,TUS
DEN,TYS
DFW,DTW
DFW,EWR
DFW,FLL
DFW,HOU
DFW,IAD
DFW,IAH
DFW,IND
DFW,JAX
DFW,JFK
DFW,LAS
DFW,LAX
DFW,LGA
DFW,MCI
DFW,MCO
DFW,MEM
DFW,MIA
DFW,MKE
DFW,MSP
DFW,MSY
DFW,MYR
DFW,OAK
DFW,OKC
DFW,OMA
DFW,ORD
DFW,ORF
DFW,PBI
DFW,PDX
DFW,PHL
DFW,PHX
DFW,PIT
DFW,RDU
DFW,RIC
DFW,RSW
DFW,SAN
DFW,SAT
DFW,SDF
DFW,SEA
DFW,SFO
DFW,SJC
DFW,SLC
DFW,SMF
DFW,SNA
DFW,STL
DFW,TPA
DFW,TUS
DFW,TYS
DTW,EWR
DTW,FLL
DTW,IAD
DTW,IAH
DTW,IND
DTW,JAX
DTW,JFK
DTW,LAS
DTW,LAX
DTW,LGA
DTW,MCI
DTW,MCO
DTW,MDW
DTW,MEM
DTW,MIA
DTW,MKE
DTW,MSP
DTW,MSY
DTW,MYR
DTW,OKC
DTW,OMA
DTW,ORD
DTW,ORF
DTW,PBI
DTW,PDX
DTW,PHL
DTW,PHX
DTW,PIT
DTW,RDU
DTW,RIC
DTW,ROC
DTW,RSW
DTW,SAN
DTW,SAT
DTW,SDF
DTW,SEA
DTW,SFO
DTW,SLC
DTW,STL
DTW,TPA
DTW,TYS
EWR,FLL
EWR,HOU
EWR,IAD
EWR,IAH
EWR,IND
EWR,JAX
EWR,LAS
EWR,LAX
EWR,MCI
EWR,MCO
EWR,MDW
EWR,MEM
EWR,MIA
EWR,MKE
EWR,MSP
EWR,MSY
EWR,MYR
EWR,OKC
EWR,OMA
EWR,ORD
EWR,ORF
EWR,PBI
EWR,PDX
EWR,PHL
EWR,PHX
EWR,PIT
EWR,RDU
EWR,RIC
EWR,ROC
EWR,RSW
EWR,SAN
EWR,SAT
EWR,SDF
EWR,SEA
EWR,SFO
EWR,SLC
EWR,SNA
EWR,STL
EWR,TPA
EWR,TYS
FLL,HOU
FLL,IAD
FLL,IAH
FLL,IND
FLL,JAX
FLL,JFK
FLL,LAS
FLL,LAX
FLL,LGA
FLL,MCI
FLL,MCO
FLL,MDW
FLL,MKE
FLL,MSP
FLL,MSY
FLL,MYR
FLL,ORD
FLL,PHL
FLL,PHX
FLL,PIT
FLL,RDU
FLL,RIC
FLL,SEA
FLL,SFO
FLL,STL
FLL,TPA
FLL,TYS
HOU,IND
HOU,JAX
HOU,JFK
HOU,LAS
HOU,LAX
HOU,LGA
HOU,MCI
HOU,MCO
HOU,MDW
HOU,MEM
HOU,MSY
HOU,OAK
HOU,OKC
HOU,PHX
HOU,PIT
HOU,RDU
HOU,SAN
HOU,SAT
HOU,SNA
HOU,STL
HOU,TPA
IAD,IAH
IAD,IND
IAD,JAX
IAD,JFK
IAD,LAS
IAD,LAX
IAD,LGA
IAD,MCI
IAD,MCO
IAD,MDW
IAD,MIA
IAD,MSP
IAD,MSY
IAD,OKC
IAD,OMA
IAD,ORD
IAD,ORF
IAD,PDX
IAD,PHL
IAD,PHX
IAD,PIT
IAD,RDU
IAD,RIC
IAD,ROC
IAD,SAN
IAD,SAT
IAD,SDF
IAD,SEA
IAD,SFO
IAD,SMF
IAD,STL
IAD,TPA
IAD,TYS
IAH,IND
IAH,JAX
IAH,LAS
IAH,LAX
IAH,LGA
IAH,MCI
IAH,MCO
IAH,MEM
IAH,MIA
IAH,MKE
IAH,MSP
IAH,MSY
IAH,OKC
IAH,OMA
IAH,ORD
IAH,ORF
IAH,PBI
IAH,PDX
IAH,PHL
IAH,PHX
IAH,PIT
IAH,RDU
IAH,RIC
IAH,RSW
IAH,SAN
IAH,SAT
IAH,SDF
IAH,SEA
IAH,SFO
IAH,SJC
IAH,SLC
IAH,SMF
IAH,SNA
IAH,STL
IAH,TPA
IAH,TUS
IAH,TYS
IND,JFK
IND,LAS
IND,LAX
IND,LGA
IND,MCI
IND,MCO
IND,MEM
IND,MIA
IND,MSP
IND,ORD
IND,PHL
IND,PHX
IND,RDU
IND,RSW
IND,SFO
IND,SLC
IND,TPA
JAX,JFK
JAX,LAS
JAX,LGA
JAX,MDW
JAX,MIA
JAX,MSP
JAX,ORD
JAX,PHL
JAX,TPA
JFK,LAS
JFK,LAX
JFK,MCO
JFK,MIA
JFK,MSP
JFK,MSY
JFK,OAK
JFK,ORD
JFK,ORF
JFK,PBI
JFK,PDX
JFK,PHL
JFK,PHX
JFK,PIT
JFK,RDU
JFK,RIC
JFK,ROC
JFK,RSW
JFK,SAN
JFK,SAT
JFK,SDF
JFK,SEA
JFK,SFO
JFK,SJC
JFK,SLC
JFK,SMF
JFK,STL
JFK,TPA
LAS,LAX
LAS,MCI
LAS,MCO
LAS,MDW
LAS,MEM
LAS,MIA
LAS,MKE
LAS,MSP
LAS,MSY
LAS,OAK
LAS,OKC
LAS,OMA
LAS,ORD
LAS,PDX
LAS,PHL
LAS,PHX
LAS,PIT
LAS,RDU
LAS,SAN
LAS,SAT
LAS,SDF
LAS,SEA
LAS,SFO
LAS,SJC
LAS,SLC
LAS,SMF
LAS,SNA
LAS,STL
LAS,TPA
LAS,TUS
LAX,MCI
LAX,MCO
LAX,MDW
LAX,MEM
LAX,MIA
LAX,MKE
LAX,MSP
LAX,MSY
LAX,OAK
LAX,OKC
LAX,ORD
LAX,PBI
LAX,PDX
LAX,PHL
LAX,PHX
LAX,PIT
LAX,RDU
LAX,SAN
LAX,SAT
LAX,SEA
LAX,SFO
LAX,SJC
LAX,SLC
LAX,SMF
LAX,STL
LAX,TPA
LAX,TUS
LGA,MCI
LGA,MCO
LGA,MDW
LGA,MEM
LGA,MIA
LGA,MKE
LGA,MSP
LGA,MSY
LGA,MYR
LGA,OMA
LGA,ORD
LGA,ORF
LGA,PBI
LGA,PHL
LGA,PIT
LGA,RDU
LGA,RIC
LGA,ROC
LGA,RSW
LGA,SDF
LGA,STL
LGA,TPA
LGA,TYS
MCI,MCO
MCI,MDW
MCI,MEM
MCI,MKE
MCI,MSP
MCI,MSY
MCI,OAK
MCI,ORD
MCI,PDX
MCI,PHL
MCI,PHX
MCI,SAN
MCI,SEA
MCI,SFO
MCI,SLC
MCI,STL
MCI,TPA
MCO,MDW
MCO,MEM
MCO,MIA
MCO,MKE
MCO,MSP
MCO,MSY
MCO,OMA
MCO,ORD
MCO,ORF
MCO,PHL
MCO,PHX
MCO,PIT
MCO,RDU
MCO,RIC
MCO,ROC
MCO,RSW
MCO,SAN
MCO,SAT
MCO,SDF
MCO,SEA
MCO,SFO
MCO,SLC
MCO,STL
MDW,MEM
MDW,MSP
MDW,MSY
MDW,OAK
MDW,OKC
MDW,OMA
MDW,ORF
MDW,PDX
MDW,PHL
MDW,PHX
MDW,PIT
MDW,RDU
MDW,ROC
MDW,RSW
MDW,SAN
MDW,SAT
MDW,SDF
MDW,SEA
MDW,SFO
MDW,SJC
MDW,SLC
MDW,SMF
MDW,STL
MDW,TPA
MDW,TUS
MEM,MIA
MEM,MSP
MEM,MSY
MEM,ORD
MEM,PIT
MEM,RDU
MEM,SAT
MEM,SLC
MEM,TPA
MIA,MSP
MIA,MSY
MIA,ORD
MIA,ORF
MIA,PHL
MIA,PHX
MIA,PIT
MIA,RDU
MIA,RIC
MIA,SAN
MIA,SDF
MIA,SEA
MIA,SFB
MIA,SFO
MIA,STL
MIA,TPA
MKE,MSP
MKE,MSY
MKE,ORD
MKE,PHL
MKE,PHX
MKE,RSW
MKE,SEA
MKE,SFO
MKE,STL
MKE,TPA
MSP,MSY
MSP,OAK
MSP,OKC
MSP,OMA
MSP,ORD
MSP,ORF
MSP,PDX
MSP,PHL
MSP,PHX
MSP,PIT
MSP,RDU
MSP,RIC
MSP,ROC
MSP,RSW
MSP,SAN
MSP,SAT
MSP,SDF
MSP,SEA
MSP,SFO
MSP,SJC
MSP,SLC
MSP,SMF
MSP,SNA
MSP,STL
MSP,TPA
MSP,TUS
MSP,TYS
MSY,ORD
MSY,PHL
MSY,PHX
MSY,SAN
MSY,SFO
MSY,SLC
MSY,STL
MSY,TPA
MYR,ORD
MYR,PHL
OAK,OKC
OAK,ORD
OAK,PDX
OAK,PHX
OAK,SAN
OAK,SEA
OAK,SLC
OAK,SNA
OKC,ORD
OKC,PDX
OKC,PHX
OKC,SFB
OKC,SFO
OKC,SLC
OKC,STL
OMA,ORD
OMA,PHX
OMA,SAN
OMA,SEA
OMA,SLC
OMA,STL
ORD,ORF
ORD,PBI
ORD,PDX
ORD,PHL
ORD,PHX
ORD,PIT
ORD,RDU
ORD,RIC
ORD,ROC
ORD,RSW
ORD,SAN
ORD,SAT
ORD,SDF
ORD,SEA
ORD,SFO
ORD,SJC
ORD,SLC
ORD,SMF
ORD,SNA
ORD,STL
ORD,TPA
ORD,TUS
ORD,TYS
ORF,PHL
ORF,SFO
PBI,PHL
PBI,TPA
PDX,PHL
PDX,PHX
PDX,SAN
PDX,SEA
PDX,SFO
PDX,SJC
PDX,SLC
PDX,SMF
PDX,SNA
PDX,TPA
PDX,TUS
PHL,PHX
PHL,PIT
PHL,RDU
PHL,RIC
PHL,ROC
PHL,RSW
PHL,SAN
PHL,SAT
PHL,SDF
PHL,SEA
PHL,SFO
PHL,SLC
PHL,STL
PHL,TPA
PHL,TYS
PHX,PIT
PHX,RDU
PHX,SAN
PHX,SAT
PHX,SDF
PHX,SEA
PHX,SFO
PHX,SJC
PHX,SLC
PHX,SMF
PHX,SNA
PHX,STL
PHX,TPA
PHX,TUS
PIE,TYS
PIT,RDU
PIT,RSW
PIT,SFO
PIT,STL
PIT,TPA
RDU,SFO
RDU,SLC
RDU,STL
RDU,TPA
ROC,TPA
RSW,STL
SAN,SAT
SAN,SDF
SAN,SEA
SAN,SFO
SAN,SJC
SAN,SLC
SAN,SMF
SAN,STL
SAN,TUS
SAT,SEA
SAT,SFO
SAT,SLC
SAT,STL
SAT,TPA
SDF,TPA
SEA,SFO
SEA,SJC
SEA,SLC
SEA,SMF
SEA,SNA
SEA,STL
SEA,TPA
SEA,TUS
SFB,TYS
SFO,SLC
SFO,SMF
SFO,SNA
SFO,STL
SFO,TUS
SJC,SLC
SJC,SNA
SJC,TUS
SLC,SMF
SLC,SNA
SLC,STL
SLC,TUS
SMF,SNA
STL,TPA
